{
  "id": "",
  "name": "",
  "font_family": "iconfont",
  "css_prefix_text": "icon-",
  "description": "",
  "glyphs": [
    {
      "icon_id": "2076418",
      "name": "修改",
      "font_class": "xiugai",
      "unicode": "e8cf",
      "unicode_decimal": 59599
    },
    {
      "icon_id": "2729439",
      "name": "班级管理",
      "font_class": "banjiguanli",
      "unicode": "e69c",
      "unicode_decimal": 59036
    },
    {
      "icon_id": "4237366",
      "name": "出勤分析",
      "font_class": "chuqinfenxi",
      "unicode": "e62a",
      "unicode_decimal": 58922
    },
    {
      "icon_id": "4933433",
      "name": "学生",
      "font_class": "xuesheng",
      "unicode": "e766",
      "unicode_decimal": 59238
    },
    {
      "icon_id": "5405253",
      "name": "班级信息",
      "font_class": "banjixinxi",
      "unicode": "e65f",
      "unicode_decimal": 58975
    },
    {
      "icon_id": "7964499",
      "name": "考试",
      "font_class": "kaoshi",
      "unicode": "e62f",
      "unicode_decimal": 58927
    },
    {
      "icon_id": "8007485",
      "name": "老师",
      "font_class": "laoshi",
      "unicode": "e61c",
      "unicode_decimal": 58908
    },
    {
      "icon_id": "11372693",
      "name": "删除",
      "font_class": "shanchu",
      "unicode": "e8b6",
      "unicode_decimal": 59574
    },
    {
      "icon_id": "11372735",
      "name": "增加",
      "font_class": "zengjia",
      "unicode": "e8c0",
      "unicode_decimal": 59584
    }
  ]
}
